LABEL,ID,TRACK_ID,QUALITY,POSITION_X,POSITION_Y,POSITION_Z,POSITION_T,FRAME,RADIUS,VISIBILITY,MANUAL_SPOT_COLOR,MEAN_INTENSITY_CH1,MEDIAN_INTENSITY_CH1,MIN_INTENSITY_CH1,MAX_INTENSITY_CH1,TOTAL_INTENSITY_CH1,STD_INTENSITY_CH1,CONTRAST_CH1,SNR_CH1
Label,Spot ID,Track ID,Quality,X,Y,Z,T,Frame,Radius,Visibility,Manual spot color,Mean intensity ch1,Median intensity ch1,Min intensity ch1,Max intensity ch1,Sum intensity ch1,Std intensity ch1,Contrast ch1,Signal/Noise ratio ch1
Label,Spot ID,Track ID,Quality,X,Y,Z,T,Frame,R,Visibility,Spot color,Mean ch1,Median ch1,Min ch1,Max ch1,Sum ch1,Std ch1,Ctrst ch1,SNR ch1
,,,(quality),(micron),(micron),(micron),(sec),,(micron),,,(counts),(counts),(counts),(counts),(counts),(counts),,
ID2000,2000,0,1458.6981201171875,511.6245094883923,507.2710829415164,0.0,0.824455976486206,2,7.5,1,,816.7142857142857,437.0,155.0,1985.0,17151.0,666.4988479252715,0.5483783600785429,0.8679684920698647
ID2023,2023,0,1182.3294677734375,260.8428109321281,506.03596169414914,0.0,1.236683964729309,3,7.5,1,,809.047619047619,558.0,155.0,2351.0,16990.0,691.5056381686613,0.4920032053041196,0.7716254270123389
ID2030,2030,0,1120.1256103515625,1048.338765386209,510.7233873100349,0.0,0.0,0,7.5,1,,804.6666666666666,576.0,193.0,2131.0,16898.0,642.0578893941989,0.493102419951623,0.8277884346839353
ID2014,2014,0,1366.0697021484375,770.6115614347245,508.3331223308157,0.0,0.412227988243103,1,7.5,1,,874.8571428571429,528.0,185.0,2244.0,18372.0,711.5443967676428,0.5257077014107314,0.8473018126228514
ID2015,2015,0,950.0902709960938,15.403721821247549,504.75566356556214,0.0,1.648911952972412,4,7.5,1,,792.3809523809524,481.0,156.0,2208.0,16640.0,724.2658680478099,0.5118339163221732,0.7407829544279901
ID2016,2016,1,918.2510986328125,1034.9654454845281,697.6888192152695,0.0,0.412227988243103,1,7.5,1,,815.2857142857143,303.0,156.0,3879.0,17121.0,1010.3637534500702,0.605626868296114,0.6087270175573534
ID2041,2041,1,3652.6259765625,754.3473889161854,700.9729953446517,0.0,0.824455976486206,2,7.5,1,,1505.5714285714287,346.0,153.0,4095.0,31617.0,1669.7812902122414,0.7183735860593091,0.7538840181946364
ID2040,2040,2,1716.009521484375,467.27773826357924,695.3088354940706,0.0,0.824455976486206,2,7.5,1,,873.047619047619,324.0,152.0,2753.0,18334.0,973.4797623058466,0.6212941878716867,0.687347671238824
ID2025,2025,2,3355.94091796875,171.4295882625302,698.48043541984,0.0,1.236683964729309,3,7.5,1,,1503.6666666666667,743.0,152.0,4095.0,31577.0,1666.7171725680791,0.5512093877225194,0.6411591420363211
ID2042,2042,3,1567.0699462890625,642.9112453703018,964.0102934443389,0.0,0.824455976486206,2,7.5,1,,899.1904761904761,644.0,152.0,3016.0,18883.0,850.2110102232044,0.5705240832960795,0.7683946822520094
ID2027,2027,3,1318.1773681640625,165.9259927336058,962.8348030275864,0.0,1.236683964729309,3,7.5,1,,849.1904761904761,418.0,151.0,2649.0,17833.0,867.3363603036379,0.5400658498407729,0.6866809240244821
ID2004,2004,4,1059.1419677734375,220.095607131277,663.0312997182326,0.0,2.885595917701721,7,7.5,1,,908.952380952381,567.0,151.0,3344.0,19088.0,916.8904774393983,0.5340197900447033,0.6902081040939438
ID2006,2006,4,1657.143798828125,980.1656058364838,665.9412382309392,0.0,2.061139941215515,5,7.5,1,,924.5238095238095,402.0,179.0,3589.0,19415.0,947.9681228315443,0.6076345043161446,0.7372409847426323
ID2038,2038,4,1684.09619140625,592.2662207900573,665.206158631822,0.0,2.473367929458618,6,7.5,1,,875.8571428571429,434.0,154.0,3006.0,18393.0,865.6903768504236,0.5925709461653353,0.7529085822312793
ID2001,2001,5,2034.173828125,194.73520006821437,341.89885343450527,0.0,2.885595917701721,7,7.5,1,,1175.6666666666667,665.0,153.0,3948.0,24689.0,1170.622284656043,0.5994428608447785,0.7527945664361108
ID2003,2003,5,2504.04638671875,602.3801094530419,342.86972649649937,0.0,2.473367929458618,6,7.5,1,,1293.857142857143,738.0,154.0,3780.0,27171.0,1260.3665849947897,0.6553047610344513,0.8128020717343966
ID2082,2082,6,859.523681640625,513.0279064183234,696.462079476434,0.0,3.7100518941879272,9,7.5,1,,703.0,421.0,178.0,2160.0,14763.0,619.4426527129045,0.5046053888782724,0.7612257764630533
ID2092,2092,6,1024.61474609375,891.5300615221158,699.6520540546144,0.0,3.297823905944824,8,7.5,1,,652.8095238095239,369.0,151.0,1905.0,13709.0,578.2052939093189,0.4958808445632604,0.7485395384107331
ID2061,2061,6,1184.0543212890625,143.11466702558144,695.7338054703432,0.0,4.12227988243103,10,7.5,1,,762.7142857142857,407.0,157.0,2284.0,16017.0,666.0828133841275,0.523741571831187,0.7871715318813584
ID2084,2084,7,1467.617431640625,371.1363460046363,846.9110570957847,0.0,3.7100518941879272,9,7.5,1,,1042.047619047619,909.0,210.0,2599.0,21883.0,824.1631802131467,0.5308015844562395,0.8768345629294766
ID2093,2093,7,1858.05029296875,707.1095698988579,843.8805339768927,0.0,3.297823905944824,8,7.5,1,,1669.047619047619,1916.0,436.0,3090.0,35050.0,808.5183656658936,0.38612197280155813,1.1500901984498644
ID2062,2062,7,1712.6712646484375,41.80524707182851,845.6534164453494,0.0,4.12227988243103,10,7.5,1,,1108.095238095238,788.0,181.0,3305.0,23270.0,932.1623198114105,0.5330643168903895,0.8266749488985355
ID2080,2080,8,1154.4716796875,1238.3215493146763,595.2939563734119,0.0,3.7100518941879272,9,7.5,1,,802.8571428571429,453.0,151.0,3102.0,16860.0,771.0122752404326,0.533528890101644,0.7245576692908681
ID2065,2065,8,1117.3106689453125,204.10844262974285,588.8125720179535,0.0,5.358963847160339,13,7.5,1,,833.9047619047619,462.0,202.0,2933.0,17512.0,805.1211029877371,0.5270317404952913,0.7149471619647946
ID2050,2050,8,1150.6673583984375,449.9415760358603,591.2304286437358,0.0,4.946735858917236,12,7.5,1,,878.6666666666666,448.0,169.0,3086.0,18452.0,911.3927437352863,0.5716704108684775,0.701346796258932
ID2073,2073,8,1239.774658203125,705.3357087850076,591.7187455415707,0.0,4.534507870674133,11,7.5,1,,811.7619047619048,444.0,159.0,2698.0,17047.0,798.4546890564238,0.5697414765533276,0.7380029359690614
ID2059,2059,8,911.755859375,965.1278636650974,594.1205036389896,0.0,4.12227988243103,10,7.5,1,,769.047619047619,488.0,159.0,2523.0,16150.0,748.8431395285983,0.5047051150656853,0.6889356858227044
ID2069,2069,9,3938.83642578125,135.56880803739014,364.7759784963836,0.0,4.534507870674133,11,7.5,1,,2311.2380952380954,2358.0,159.0,4095.0,48536.0,1530.9697222597806,0.5119248336364025,1.022313458995615
ID2055,2055,9,3815.02783203125,503.84674085243535,367.0284984375294,0.0,4.12227988243103,10,7.5,1,,2305.3809523809523,2509.0,397.0,4095.0,48413.0,1448.0752562001217,0.5161695680938269,1.0839922678268943
ID2077,2077,9,3870.84814453125,888.3190944370191,368.7471950057221,0.0,3.7100518941879272,9,7.5,1,,2238.4285714285716,2355.0,207.0,4095.0,47007.0,1478.445148506652,0.5307550464653372,1.0499205882395413
ID2051,2051,10,629.685302734375,0.0,671.1990149544181,0.0,4.946735858917236,12,7.5,1,,928.7142857142857,468.0,164.0,4095.0,19503.0,1249.6226287506615,0.6061766522544781,0.560969354965059
ID2074,2074,10,3951.484375,387.99907697118897,675.1406189782668,0.0,4.534507870674133,11,7.5,1,,2031.047619047619,1704.0,161.0,4095.0,42652.0,1504.0971536503375,0.595294755691036,1.0077790622559755
ID2060,2060,10,4352.58447265625,805.6565397002973,676.442998286778,0.0,4.12227988243103,10,7.5,1,,2105.3333333333335,1433.0,278.0,4095.0,44212.0,1593.4350107027692,0.614158387375012,1.0054274712005669
ID2068,2068,11,512.4345703125,409.50383516977314,975.5449488492493,0.0,5.358963847160339,13,7.5,1,,484.0952380952381,369.0,183.0,1417.0,10166.0,347.8827251764458,0.36497599946292497,0.7441615626347878
ID2054,2054,11,552.0696411132812,678.6377134791477,974.648331455874,0.0,4.946735858917236,12,7.5,1,,491.85714285714283,351.0,153.0,1176.0,10329.0,337.09157297599205,0.34979907870234245,0.7562591054352096
ID2075,2075,11,645.4567260742188,953.9001808365583,975.6346559034968,0.0,4.534507870674133,11,7.5,1,,502.57142857142856,350.0,163.0,1224.0,10554.0,324.7204292046577,0.36667799737774975,0.8304946260667952
ID2063,2063,11,566.3482666015625,1231.7803311042578,976.2176517579342,0.0,4.12227988243103,10,7.5,1,,549.5714285714286,461.0,156.0,1481.0,11541.0,429.6304890750389,0.41090175583367716,0.7450754799695634
ID2047,2047,11,670.554443359375,144.34000970678724,974.4868405100975,0.0,5.771191835403442,14,7.5,1,,548.6666666666666,430.0,181.0,1508.0,11522.0,362.6640778093873,0.4080195524325975,0.8768116686903482
ID2049,2049,12,1462.788818359375,499.42127928074717,480.03456598567374,0.0,4.946735858917236,12,7.5,1,,1121.142857142857,377.0,158.0,4095.0,23544.0,1375.3731597539006,0.6071264014744279,0.6158848037451868
ID2070,2070,12,1504.962646484375,463.4839647649574,451.80609207210665,0.0,4.534507870674133,11,7.5,1,,860.952380952381,370.0,158.0,3132.0,18080.0,913.5831366761581,0.5855129020235459,0.6960296516575875
ID2067,2067,13,1366.5989990234375,475.0932075865283,953.5300189325588,0.0,5.358963847160339,13,7.5,1,,921.952380952381,827.0,155.0,1997.0,19361.0,611.9617207138431,0.45211130278256956,0.9381227921013844
ID2053,2053,13,1514.4307861328125,879.3723231274334,955.0303557662853,0.0,4.946735858917236,12,7.5,1,,941.9047619047619,807.0,153.0,2310.0,19780.0,670.0797642640691,0.5072916567444253,0.946173781950009
ID2046,2046,13,1402.721923828125,83.76731045506517,951.0776382679444,0.0,5.771191835403442,14,7.5,1,,962.1904761904761,986.0,151.0,2327.0,20206.0,689.7514493676413,0.4788575192578633,0.9033965034655864
ID2066,2066,14,1297.1068115234375,726.7210347401026,919.795007796566,0.0,5.358963847160339,13,7.5,1,,820.1904761904761,380.0,151.0,2762.0,17224.0,754.4299582497781,0.5205137825252146,0.7443336692916704
ID2045,2045,14,1362.222412109375,855.0495435742547,919.0976513878629,0.0,5.771191835403442,14,7.5,1,,709.0952380952381,275.0,160.0,2457.0,14891.0,720.7349654874464,0.5496526784088248,0.6979317413629367
ID2097,2097,16,821.021728515625,821.9373623530511,699.7758029315245,0.0,6.595647811889648,16,7.5,1,,681.9047619047619,360.0,152.0,2452.0,14320.0,720.0297149952844,0.5134021163322192,0.6425495396503073
ID2088,2088,16,2315.959716796875,894.4461338729656,695.0530894986911,0.0,6.183419823646545,15,7.5,1,,1455.6666666666667,680.0,153.0,4095.0,30569.0,1410.3059006234546,0.6319241933869406,0.7993622075869299
ID2096,2096,17,2892.7744140625,502.5725043364942,691.575276207216,0.0,6.595647811889648,16,7.5,1,,1497.2857142857142,625.0,187.0,4095.0,31443.0,1425.178590312707,0.6610800744878957,0.8362360495635971
ID2109,2109,17,3587.51953125,129.90402361516595,690.6544126681116,0.0,7.0078758001327515,17,7.5,1,,1564.5714285714287,724.0,205.0,4095.0,32856.0,1525.366368169581,0.6926048991577158,0.8394236284133291
ID2110,2110,18,800.0328979492188,358.01997476607966,697.8286875964068,0.0,7.0078758001327515,17,7.5,1,,624.047619047619,283.0,154.0,2218.0,13105.0,617.6896855372022,0.5052620999583626,0.6782377721365467
ID2095,2095,18,1037.711181640625,312.0711292887043,668.5805986161333,0.0,6.595647811889648,16,7.5,1,,769.3809523809524,346.0,152.0,2793.0,16157.0,807.3864301677652,0.5063924013752112,0.6406768682207431
ID2112,2112,19,2155.258056640625,15.926475807844088,322.62369910426804,0.0,8.656787753105164,21,7.5,1,,1270.4285714285713,655.0,178.0,4095.0,26679.0,1278.7701736992683,0.6487983499038216,0.7818617052031424
ID2099,2099,19,2122.533203125,378.44205686809954,322.435110671861,0.0,8.24455976486206,20,7.5,1,,1365.857142857143,954.0,184.0,4095.0,28683.0,1321.1640808663506,0.6074986339372032,0.7813996443047232
ID2120,2120,19,1907.67236328125,1096.6539951854352,323.1438968220862,0.0,7.4201037883758545,18,7.5,1,,1171.3809523809523,758.0,151.0,3350.0,24599.0,1072.7141033933729,0.5740715559785955,0.7964998912234355
ID2105,2105,19,1742.051025390625,742.9150540163063,321.7863309475713,0.0,7.8323317766189575,19,7.5,1,,1191.6666666666667,830.0,155.0,3447.0,25025.0,1103.2441857237832,0.5658240520585659,0.7806414086588457
ID2113,2113,20,1919.661865234375,58.88648372301322,353.2956349858321,0.0,8.656787753105164,21,7.5,1,,984.8571428571429,789.0,160.0,2204.0,20682.0,772.2306187735815,0.5672188911937711,0.9231605686330313
ID2100,2100,20,974.3843383789062,390.14057141590666,355.4519861761257,0.0,8.24455976486206,20,7.5,1,,977.1428571428571,897.0,155.0,2526.0,20520.0,762.7825565463781,0.45663632007666505,0.8031684152777393
ID2121,2121,20,1479.2872314453125,1113.1106229805673,358.5938729128098,0.0,7.4201037883758545,18,7.5,1,,923.0952380952381,636.0,187.0,2033.0,19385.0,641.4584869468877,0.5075484353886983,0.9689785644086248
ID2106,2106,20,1588.85498046875,742.6490527161197,357.52795866266445,0.0,7.8323317766189575,19,7.5,1,,964.4761904761905,716.0,169.0,2418.0,20254.0,753.2473444392366,0.5215415242459527,0.8777866673830849
ID2122,2122,21,1145.1146240234375,947.7300703065463,502.9295043537522,0.0,7.4201037883758545,18,7.5,1,,728.1428571428571,290.0,152.0,2580.0,15291.0,719.940156243162,0.5320683824910765,0.7024889438576911
ID2107,2107,21,1677.4776611328125,919.6358834958393,476.9302573173921,0.0,7.8323317766189575,19,7.5,1,,872.952380952381,545.0,166.0,2411.0,18332.0,748.1830308280505,0.5610005321979776,0.8386348728839104
ID2102,2102,22,994.790771484375,210.78266392860394,496.8240105922307,0.0,8.24455976486206,20,7.5,1,,715.9047619047619,309.0,155.0,2242.0,15034.0,696.6287321638338,0.5225460161531256,0.7054040972131378
ID2108,2108,22,922.4172973632812,571.8275410856893,499.12462647084186,0.0,7.8323317766189575,19,7.5,1,,736.1428571428571,445.0,155.0,2289.0,15459.0,691.7340735943463,0.5113098947831507,0.7200847289029857
ID2117,2117,23,2208.93896484375,1140.4636994454088,707.1855814360506,0.0,8.656787753105164,21,7.5,1,,1516.904761904762,919.0,189.0,4095.0,31855.0,1436.6629703852573,0.5988957555604355,0.7909781702763019
ID2127,2127,23,713.5751342773438,1172.7234800356312,663.1384342251204,0.0,9.069015741348267,22,7.5,1,,601.7619047619048,397.0,153.0,1761.0,12637.0,472.02138773173243,0.43543142739496515,0.7734465912396834
ID2128,2128,24,3615.558349609375,775.6396966241507,705.866480763939,0.0,9.069015741348267,22,7.5,1,,1620.6666666666667,651.0,184.0,4095.0,34034.0,1557.495018718626,0.6936867445896602,0.8523683914583089
ID2153,2153,24,2716.23828125,93.77935070229982,703.2319357745207,0.0,9.893471717834473,24,7.5,1,,1474.8095238095239,803.0,154.0,4095.0,30971.0,1502.7408498822283,0.6229096935199679,0.7533773720663006
ID2141,2141,24,2941.1396484375,426.9772415627322,705.4603950562039,0.0,9.48124372959137,23,7.5,1,,1496.952380952381,577.0,152.0,4095.0,31436.0,1453.664867711622,0.655997102689889,0.8158607403817174
ID2129,2129,25,1120.6082763671875,596.7431380772747,738.2664751986401,0.0,9.069015741348267,22,7.5,1,,927.4285714285714,267.0,158.0,4095.0,19476.0,1262.0543003939479,0.6441166228750513,0.5757902581542966
ID2143,2143,25,1058.1785888671875,604.7921446385044,797.9764164155785,0.0,9.48124372959137,23,7.5,1,,905.047619047619,475.0,169.0,2620.0,19006.0,869.978705267576,0.496638547931452,0.6904246716246013
ID2135,2135,26,1074.114990234375,1062.4196262067253,347.7172117735247,0.0,9.48124372959137,23,7.5,1,,790.1428571428571,438.0,155.0,2407.0,16593.0,719.0683059149726,0.53043718871057,0.7616999403378669
ID2123,2123,26,229.6409454345703,1094.9118284498663,315.4589095635123,0.0,9.069015741348267,22,7.5,1,,358.4761904761905,190.0,150.0,1366.0,7528.0,358.85423489874256,0.32757252446874174,0.4929710860307358
ID2136,2136,27,1140.347412109375,374.7235711288723,392.16220084001446,0.0,9.48124372959137,23,7.5,1,,715.9047619047619,319.0,154.0,2452.0,15034.0,708.3515302984744,0.5181066582518145,0.6898478241429931
ID2124,2124,27,658.4501342773438,786.9281453554206,393.1610127878218,0.0,9.069015741348267,22,7.5,1,,638.0952380952381,275.0,168.0,2280.0,13400.0,614.2848610182335,0.46859373929721215,0.6628885176779478
ID2160,2160,28,974.8473510742188,204.22147666041798,559.4043644588498,0.0,10.305699706077576,25,7.5,1,,898.3809523809524,459.0,153.0,3489.0,18866.0,1052.6875356054368,0.5787943136290887,0.6257339986205295
ID2148,2148,28,1132.1607666015625,543.5814500219811,561.2871935415246,0.0,9.893471717834473,24,7.5,1,,859.4761904761905,471.0,154.0,3672.0,18049.0,919.1888064509717,0.5471455511743528,0.6613491783607645
ID2137,2137,28,982.1801147460938,886.1617317747204,562.8178186982971,0.0,9.48124372959137,23,7.5,1,,882.0952380952381,404.0,162.0,3474.0,18524.0,988.768117647505,0.5885600351603116,0.6610558539610711
ID2125,2125,28,1510.36376953125,1242.977038342455,565.4034181340445,0.0,9.069015741348267,22,7.5,1,,868.2857142857143,371.0,173.0,2876.0,18234.0,909.4148746780616,0.5819885476314419,0.7024925154026123
ID2144,2144,29,1696.994140625,228.03470220578797,855.3326739631814,0.0,9.48124372959137,23,7.5,1,,944.1904761904761,316.0,151.0,3279.0,19828.0,1032.5663474589717,0.6386438296729405,0.71276406817571
ID2154,2154,29,1412.78515625,244.96351215419588,795.5323111506798,0.0,9.893471717834473,24,7.5,1,,952.6190476190476,510.0,163.0,2816.0,20005.0,876.1557211015903,0.571314960088757,0.790642774785772
ID2145,2145,30,1359.4349365234375,610.7797706605326,947.7105297220078,0.0,9.48124372959137,23,7.5,1,,864.3809523809524,489.0,151.0,3066.0,18152.0,872.5569595270258,0.5510221519663342,0.7038699995007536
ID2156,2156,30,1335.60595703125,159.4558969817185,945.4559585947968,0.0,9.893471717834473,24,7.5,1,,855.5238095238095,331.0,152.0,2875.0,17966.0,876.7108199998229,0.6031409641510695,0.7342650285053232
ID2146,2146,31,835.918701171875,656.2194206642557,286.62450671355225,0.0,9.893471717834473,24,7.5,1,,657.3809523809524,318.0,152.0,2245.0,13805.0,657.2567592798476,0.5121724128488102,0.677527492143933
ID2133,2133,31,987.1022338867188,1029.8546944052973,287.64753275525896,0.0,9.48124372959137,23,7.5,1,,657.9047619047619,316.0,164.0,2550.0,13816.0,642.6195534499324,0.530816320877538,0.7100031462043785
ID2157,2157,31,1046.948486328125,301.5492638034877,284.1666863978766,0.0,10.305699706077576,25,7.5,1,,662.0,379.0,157.0,1956.0,13902.0,616.9314386542479,0.48943350743270386,0.7052184429447748
ID2161,2161,32,797.00927734375,28.95612991648075,574.3813685692354,0.0,10.305699706077576,25,7.5,1,,706.6666666666666,470.0,177.0,2255.0,14840.0,619.0772434303601,0.4816663754586526,0.7421567919481515
ID2149,2149,32,1100.275146484375,409.05586608372766,575.3991201271874,0.0,9.893471717834473,24,7.5,1,,723.047619047619,450.0,154.0,1906.0,15184.0,613.4086302123957,0.49404703335629235,0.7795626807938786
ID2138,2138,32,963.2626953125,810.5196952836465,576.6204710810217,0.0,9.48124372959137,23,7.5,1,,659.5238095238095,345.0,161.0,2375.0,13850.0,575.8318000117412,0.49566015577543504,0.7591295798044487
ID2163,2163,33,961.6343383789062,142.71645803707997,656.6630658676095,0.0,10.305699706077576,25,7.5,1,,626.952380952381,397.0,156.0,1740.0,13166.0,530.8893930180255,0.47143136542706265,0.7567265432716129
ID2151,2151,33,741.2022094726562,471.23993494626365,658.8685145390426,0.0,9.893471717834473,24,7.5,1,,617.6666666666666,386.0,152.0,1527.0,12971.0,471.5968970777197,0.41107998585765176,0.763111366107321
ID2139,2139,33,792.3419189453125,817.181247177597,661.6275406688522,0.0,9.48124372959137,23,7.5,1,,609.9047619047619,361.0,153.0,1693.0,12808.0,474.73623252938097,0.43282246336279223,0.7761703557214497
ID2164,2164,34,399.2408752441406,307.95595687510206,679.3626515603244,0.0,10.305699706077576,25,7.5,1,,400.4761904761905,241.0,157.0,1187.0,8410.0,340.83905572096916,0.3748288615975642,0.6406808256088391
ID2152,2152,34,400.9981689453125,645.9704850818805,680.157204699987,0.0,9.893471717834473,24,7.5,1,,411.76190476190476,282.0,152.0,1078.0,8647.0,303.45772436402154,0.34278005318632687,0.6927692841458454
ID2140,2140,34,275.8030700683594,980.1681844129853,682.3166791156378,0.0,9.48124372959137,23,7.5,1,,377.14285714285717,225.0,167.0,1501.0,7920.0,312.25122669323264,0.3196700824793802,0.5851515385519722
ID2168,2168,37,2068.2724609375,957.5283844478857,501.8763127068865,0.0,10.717927694320679,26,7.5,1,,1146.904761904762,918.0,155.0,2601.0,24085.0,913.3893969584881,0.5399370214670483,0.880524678127457
ID2186,2186,37,2877.4580078125,1079.4617697072927,482.22550735425756,0.0,11.130155682563782,27,7.5,1,,1380.6190476190477,502.0,168.0,4095.0,28993.0,1381.0374533730242,0.646277237561218,0.7848999227564062
ID2179,2179,38,1473.459228515625,1199.782588387542,566.757053766454,0.0,11.542383670806885,28,7.5,1,,990.3809523809524,343.0,172.0,3370.0,20798.0,985.8818629121075,0.5951527237167565,0.7496068619630284
ID2169,2169,38,447.39154052734375,1019.2117190680887,554.7646941412966,0.0,10.717927694320679,26,7.5,1,,466.9047619047619,226.0,154.0,1477.0,9805.0,443.8544699292669,0.37836508048077605,0.5775166201980187
ID2189,2189,38,1414.6051025390625,1172.735922909252,565.607309506027,0.0,11.130155682563782,27,7.5,1,,898.2380952380952,251.0,149.0,3146.0,18863.0,1030.5633849871585,0.6278924260240132,0.6723668594875422
ID2193,2193,39,2194.204345703125,603.6613893543374,910.1105991001243,0.0,11.130155682563782,27,7.5,1,,1371.0,605.0,155.0,4095.0,28791.0,1390.136827797897,0.6283696366837049,0.7611532344864791
ID2183,2183,39,2605.169189453125,213.1489148240265,910.1183083547589,0.0,11.542383670806885,28,7.5,1,,1353.6666666666667,677.0,154.0,4095.0,28427.0,1356.691797474037,0.6711688540732793,0.8014418055994267
ID2171,2171,39,1758.7745361328125,1010.2636441141316,912.3672026796348,0.0,10.717927694320679,26,7.5,1,,1215.0,675.0,155.0,4095.0,25515.0,1322.0020045370582,0.5879387602688574,0.6805695321387579
ID2195,2195,40,2276.58984375,3.5784486978118366,930.4919867960106,0.0,11.130155682563782,27,7.5,1,,1756.0,1164.0,222.0,3956.0,36876.0,1357.2735170185854,0.36630912021341633,0.6937226850485549
ID2172,2172,40,2055.252685546875,332.8897478624744,931.1732601876821,0.0,10.717927694320679,26,7.5,1,,1210.047619047619,722.0,152.0,4095.0,25411.0,1215.0845022544925,0.6169644135473505,0.7599510652892518
ID2197,2197,41,1142.717041015625,238.14524830606052,961.8837093729721,0.0,11.130155682563782,27,7.5,1,,881.3333333333334,538.0,161.0,2572.0,18508.0,802.2453074548541,0.5109650689334952,0.7430187846463379
ID2215,2215,41,1291.7877197265625,688.7195214788392,920.2337373104576,0.0,11.954611659049988,29,7.5,1,,874.3809523809524,690.0,179.0,2089.0,18362.0,631.9551784889871,0.46363237814355746,0.8765690982656209
ID2185,2185,41,2187.23193359375,433.9014346646451,949.6512560099761,0.0,11.542383670806885,28,7.5,1,,1244.8095238095239,526.0,155.0,3833.0,26141.0,1176.6977359988257,0.6119379976413821,0.8032062299998303
ID2220,2220,41,1692.712646484375,1203.8863085564585,899.3395286996873,0.0,13.191295623779297,32,7.5,1,,925.7619047619048,527.0,175.0,2666.0,19441.0,772.7662586294709,0.5466496947035542,0.8468340259386746
ID2176,2176,42,2115.93505859375,528.3272886277543,479.6721349912977,0.0,11.542383670806885,28,7.5,1,,1343.2857142857142,621.0,165.0,4095.0,28209.0,1442.2266514961213,0.6173726080412815,0.7110532862058665
ID2187,2187,42,1908.97314453125,452.27290379884033,498.31345499380774,0.0,11.130155682563782,27,7.5,1,,1168.6666666666667,765.0,177.0,2641.0,24542.0,895.7477509507536,0.5472197705207414,0.922878863819905
ID2199,2199,44,766.908447265625,873.15539361792,333.7987926192941,0.0,12.36683964729309,30,7.5,1,,644.952380952381,387.0,174.0,2326.0,13544.0,612.9993047459741,0.4824868651488617,0.6848450243895338
ID2219,2219,44,956.468994140625,242.98837667104848,330.83048448892634,0.0,13.191295623779297,32,7.5,1,,713.047619047619,395.0,154.0,2151.0,14974.0,690.1852270362265,0.5109037018351517,0.6986909768366852
ID2205,2205,44,1339.065185546875,552.5715575675124,332.7763104802878,0.0,12.779067635536194,31,7.5,1,,788.7619047619048,335.0,152.0,2735.0,16564.0,756.66154288175,0.5827619980411362,0.767626343373057
ID2202,2202,45,1505.4107666015625,416.64683762688304,919.7145776921378,0.0,12.36683964729309,30,7.5,1,,956.3333333333334,649.0,158.0,2217.0,20083.0,671.445927333939,0.5226361628931832,0.9777584136501778
ID2206,2206,45,1299.6414794921875,151.5742144366541,918.0159004527682,0.0,12.779067635536194,31,7.5,1,,927.3809523809524,834.0,176.0,2073.0,19475.0,677.126980424682,0.4628421200882587,0.8666694062717442
ID2224,2224,46,1068.58642578125,1161.3250359125275,639.2185303382358,0.0,13.6035236120224,33,7.5,1,,860.7619047619048,522.0,157.0,2647.0,18076.0,820.0478586498415,0.5115608144834219,0.7104695676887618
ID2240,2240,46,1511.6959228515625,15.355675927503075,635.7203164089634,0.0,14.840207576751709,36,7.5,1,,897.7619047619048,476.0,154.0,3098.0,18853.0,866.6517123251938,0.5789121058582137,0.7596284920121485
ID2230,2230,46,917.892822265625,771.3103908904569,637.3848291924159,0.0,14.015751600265503,34,7.5,1,,802.3333333333334,434.0,151.0,2553.0,16849.0,778.8835171791309,0.5424543415571932,0.7245413734998138
ID2236,2236,46,1313.5189208984375,390.55496455975435,636.3882503252014,0.0,14.427979588508606,35,7.5,1,,897.6666666666666,502.0,171.0,2837.0,18851.0,828.1067765290496,0.5498643426786155,0.7691669709818356
ID2225,2225,47,190.25962829589844,795.0101417221481,837.7359555450815,0.0,13.6035236120224,33,7.5,1,,473.42857142857144,189.0,155.0,4095.0,9942.0,864.2236730979181,0.44921832294741443,0.3396111552324324
ID2232,2232,47,1292.6611328125,957.5662177618103,833.0671318052782,0.0,14.015751600265503,34,7.5,1,,1213.5714285714287,738.0,156.0,4068.0,25485.0,1259.5989270965808,0.5646007919697946,0.6953460534267236
ID2226,2226,48,1569.1767578125,716.0464316040946,896.4934112822043,0.0,13.6035236120224,33,7.5,1,,966.4285714285714,598.0,180.0,2769.0,20295.0,862.7436219079553,0.5752706950750961,0.8181539972398075
ID2233,2233,48,1849.3515625,247.89931372374164,895.7461466221683,0.0,14.015751600265503,34,7.5,1,,980.1904761904761,519.0,152.0,2981.0,20584.0,926.9670770338943,0.6062426843542724,0.7981996127330718
ID2231,2231,49,72.80608367919922,214.85409830789072,834.1131425508873,0.0,14.015751600265503,34,7.5,1,,585.0,204.0,150.0,4095.0,12285.0,1023.6700151904421,0.528127623845508,0.3950073137405679
ID2237,2237,49,2571.638671875,546.0257914396683,830.370747253825,0.0,14.427979588508606,35,7.5,1,,1274.1904761904761,497.0,173.0,4095.0,26758.0,1300.8288749504147,0.6673469069836274,0.7840971323111735
ID2243,2243,50,1898.02978515625,419.2168437022671,399.21009632586174,0.0,15.252435564994812,37,7.5,1,,1203.5238095238096,509.0,163.0,4095.0,25274.0,1408.270166518045,0.631909862065069,0.661847098638783
ID2245,2245,50,1096.8798828125,377.6780303394246,366.2510868051505,0.0,15.664663553237915,38,7.5,1,,752.952380952381,583.0,153.0,2186.0,15812.0,609.9756123149905,0.48492140819608626,0.8062188054657147
ID2247,2247,51,1766.2142333984375,1134.1348781301715,822.4110196812372,0.0,15.664663553237915,38,7.5,1,,1023.4285714285714,783.0,170.0,2736.0,21492.0,873.1713790218145,0.5330212652133208,0.8150502736654537
ID2254,2254,51,1799.7197265625,681.6369595650356,820.7917336795175,0.0,16.076891541481018,39,7.5,1,,1035.6190476190477,683.0,152.0,2954.0,21748.0,904.4862340682956,0.5838036631103667,0.8440992927467178
